﻿{
  "name":"base4-beta",
  "description":"Implement On/Off Image Beta",
  "steps":[
    {"action":"upload bin","source":"$installerFolder/image.lib","target":"image.lib"},
    {"action":"wait","target":10},
    {"action":"upload file","source":"$installerFolder/_init.lua","target":"_init.lua"},
    {"action":"wait","target":1},
    {"action":"upload file","source":"$installerFolder/_HDEF.lua","target":"_HDEF.lua"},
    {"action":"wait","target":1},
    {"action":"upload file","source":"$installerFolder/userconfig.lua","target":"userconfig.lua"},
    {"action":"wait","target":1},
    {"action":"upload file","source":"$installerFolder/_WIFI.lua","target":"_WIFI.lua"},
    {"action":"wait","target":1},
    {"action":"upload file","source":"$installerFolder/_SOFTWD.lua","target":"_SOFTWD.lua"},
    {"action":"wait","target":1},
    {"action":"upload file","source":"$installerFolder/init.lua","target":"init.lua"},
    {"action":"wait","target":1},
    {"action":"upload file","source":"$installerFolder/_WIFI.lua","target":"_WIFI.lua"},
    {"action":"wait","target":1}
  ]
}